Bullet,name,award,deadline,Link,Unnamed: 5
,Alabama Student Grant Program Alabama Commission on Higher Education,"Up to $3,000","February 15, 2026",See Details,
"Description The Alabama Student Grant Program is open to undergraduate students attending Amridge University, Birmingham Southern College, Faulkner University, Huntingdon College, Miles College Oakwood University, Samford University, Spring Hill College, South University - Montgomery, Stillman College, U.S. Sports Academy, and the University of Mobile. ... View Scholarship Details","Description The Alabama Student Grant Program is open to undergraduate students attending Amridge University, Birmingham Southern College, Faulkner University, Huntingdon College, Miles College Oakwood University, Samford University, Spring Hill College, South University - Montgomery, Stillman College, U.S. Sports Academy, and the University of Mobile. ... View Scholarship Details","Description The Alabama Student Grant Program is open to undergraduate students attending Amridge University, Birmingham Southern College, Faulkner University, Huntingdon College, Miles College Oakwood University, Samford University, Spring Hill College, South University - Montgomery, Stillman College, U.S. Sports Academy, and the University of Mobile. ... View Scholarship Details","Description The Alabama Student Grant Program is open to undergraduate students attending Amridge University, Birmingham Southern College, Faulkner University, Huntingdon College, Miles College Oakwood University, Samford University, Spring Hill College, South University - Montgomery, Stillman College, U.S. Sports Academy, and the University of Mobile. ... View Scholarship Details","Description The Alabama Student Grant Program is open to undergraduate students attending Amridge University, Birmingham Southern College, Faulkner University, Huntingdon College, Miles College Oakwood University, Samford University, Spring Hill College, South University - Montgomery, Stillman College, U.S. Sports Academy, and the University of Mobile. ... View Scholarship Details",
,Alabama Student Grant Program Alabama Commission on Higher Education,Alabama Student Grant Program Alabama Commission on Higher Education,Alabama Student Grant Program Alabama Commission on Higher Education,Alabama Student Grant Program Alabama Commission on Higher Education,Alabama Student Grant Program Alabama Commission on Higher Education
,"award Up to $3,000","award Up to $3,000","deadline February 15, 2026","deadline February 15, 2026","deadline February 15, 2026"
,See Details,See Details,See Details,See Details,See Details
"Description The Alabama Student Grant Program is open to undergraduate students attending Amridge University, Birmingham Southern College, Faulkner University, Huntingdon College, Miles College Oakwood University, Samford University, Spring Hill College, South University - Montgomery, Stillman College, U.S. Sports Academy, and the University of Mobile. ... View Scholarship Details","Description The Alabama Student Grant Program is open to undergraduate students attending Amridge University, Birmingham Southern College, Faulkner University, Huntingdon College, Miles College Oakwood University, Samford University, Spring Hill College, South University - Montgomery, Stillman College, U.S. Sports Academy, and the University of Mobile. ... View Scholarship Details","Description The Alabama Student Grant Program is open to undergraduate students attending Amridge University, Birmingham Southern College, Faulkner University, Huntingdon College, Miles College Oakwood University, Samford University, Spring Hill College, South University - Montgomery, Stillman College, U.S. Sports Academy, and the University of Mobile. ... View Scholarship Details","Description The Alabama Student Grant Program is open to undergraduate students attending Amridge University, Birmingham Southern College, Faulkner University, Huntingdon College, Miles College Oakwood University, Samford University, Spring Hill College, South University - Montgomery, Stillman College, U.S. Sports Academy, and the University of Mobile. ... View Scholarship Details","Description The Alabama Student Grant Program is open to undergraduate students attending Amridge University, Birmingham Southern College, Faulkner University, Huntingdon College, Miles College Oakwood University, Samford University, Spring Hill College, South University - Montgomery, Stillman College, U.S. Sports Academy, and the University of Mobile. ... View Scholarship Details","Description The Alabama Student Grant Program is open to undergraduate students attending Amridge University, Birmingham Southern College, Faulkner University, Huntingdon College, Miles College Oakwood University, Samford University, Spring Hill College, South University - Montgomery, Stillman College, U.S. Sports Academy, and the University of Mobile. ... View Scholarship Details"
,Ellis W. Rowe Scholarship Hampton Roads Community Foundation,Varies,Varies,See Details,
"Description The Ellis W. Rowe Scholarship is available to undergraduate and graduate students who are attending a Methodist college. You must be a resident of Gloucester County and be majoring in marine science, nursing, ministry, medicine, the humanities, agriculture, biology, or other basic sciences to be eligible for this award. View Scholarship Details","Description The Ellis W. Rowe Scholarship is available to undergraduate and graduate students who are attending a Methodist college. You must be a resident of Gloucester County and be majoring in marine science, nursing, ministry, medicine, the humanities, agriculture, biology, or other basic sciences to be eligible for this award. View Scholarship Details","Description The Ellis W. Rowe Scholarship is available to undergraduate and graduate students who are attending a Methodist college. You must be a resident of Gloucester County and be majoring in marine science, nursing, ministry, medicine, the humanities, agriculture, biology, or other basic sciences to be eligible for this award. View Scholarship Details","Description The Ellis W. Rowe Scholarship is available to undergraduate and graduate students who are attending a Methodist college. You must be a resident of Gloucester County and be majoring in marine science, nursing, ministry, medicine, the humanities, agriculture, biology, or other basic sciences to be eligible for this award. View Scholarship Details","Description The Ellis W. Rowe Scholarship is available to undergraduate and graduate students who are attending a Methodist college. You must be a resident of Gloucester County and be majoring in marine science, nursing, ministry, medicine, the humanities, agriculture, biology, or other basic sciences to be eligible for this award. View Scholarship Details",
,Ellis W. Rowe Scholarship Hampton Roads Community Foundation,Ellis W. Rowe Scholarship Hampton Roads Community Foundation,Ellis W. Rowe Scholarship Hampton Roads Community Foundation,Ellis W. Rowe Scholarship Hampton Roads Community Foundation,Ellis W. Rowe Scholarship Hampton Roads Community Foundation
,award Varies,award Varies,deadline Varies,deadline Varies,deadline Varies
,See Details,See Details,See Details,See Details,See Details
"Description The Ellis W. Rowe Scholarship is available to undergraduate and graduate students who are attending a Methodist college. You must be a resident of Gloucester County and be majoring in marine science, nursing, ministry, medicine, the humanities, agriculture, biology, or other basic sciences to be eligible for this award. View Scholarship Details","Description The Ellis W. Rowe Scholarship is available to undergraduate and graduate students who are attending a Methodist college. You must be a resident of Gloucester County and be majoring in marine science, nursing, ministry, medicine, the humanities, agriculture, biology, or other basic sciences to be eligible for this award. View Scholarship Details","Description The Ellis W. Rowe Scholarship is available to undergraduate and graduate students who are attending a Methodist college. You must be a resident of Gloucester County and be majoring in marine science, nursing, ministry, medicine, the humanities, agriculture, biology, or other basic sciences to be eligible for this award. View Scholarship Details","Description The Ellis W. Rowe Scholarship is available to undergraduate and graduate students who are attending a Methodist college. You must be a resident of Gloucester County and be majoring in marine science, nursing, ministry, medicine, the humanities, agriculture, biology, or other basic sciences to be eligible for this award. View Scholarship Details","Description The Ellis W. Rowe Scholarship is available to undergraduate and graduate students who are attending a Methodist college. You must be a resident of Gloucester County and be majoring in marine science, nursing, ministry, medicine, the humanities, agriculture, biology, or other basic sciences to be eligible for this award. View Scholarship Details","Description The Ellis W. Rowe Scholarship is available to undergraduate and graduate students who are attending a Methodist college. You must be a resident of Gloucester County and be majoring in marine science, nursing, ministry, medicine, the humanities, agriculture, biology, or other basic sciences to be eligible for this award. View Scholarship Details"
,Bonner Leader Program The Corella and Bertram F. Bonner Foundation,Up to $0,Varies,See Details,
Description The Bonner Leader Program is available to students attending participating colleges. You must demonstrate high financial need and have an interest in community service and social justice issues to be eligible for this award. Bonner Leaders will be expected to serve an average of 10 hours of community service each week during the school year... View Scholarship Details,Description The Bonner Leader Program is available to students attending participating colleges. You must demonstrate high financial need and have an interest in community service and social justice issues to be eligible for this award. Bonner Leaders will be expected to serve an average of 10 hours of community service each week during the school year... View Scholarship Details,Description The Bonner Leader Program is available to students attending participating colleges. You must demonstrate high financial need and have an interest in community service and social justice issues to be eligible for this award. Bonner Leaders will be expected to serve an average of 10 hours of community service each week during the school year... View Scholarship Details,Description The Bonner Leader Program is available to students attending participating colleges. You must demonstrate high financial need and have an interest in community service and social justice issues to be eligible for this award. Bonner Leaders will be expected to serve an average of 10 hours of community service each week during the school year... View Scholarship Details,Description The Bonner Leader Program is available to students attending participating colleges. You must demonstrate high financial need and have an interest in community service and social justice issues to be eligible for this award. Bonner Leaders will be expected to serve an average of 10 hours of community service each week during the school year... View Scholarship Details,
,Bonner Leader Program The Corella and Bertram F. Bonner Foundation,Bonner Leader Program The Corella and Bertram F. Bonner Foundation,Bonner Leader Program The Corella and Bertram F. Bonner Foundation,Bonner Leader Program The Corella and Bertram F. Bonner Foundation,Bonner Leader Program The Corella and Bertram F. Bonner Foundation
,award Up to $0,award Up to $0,deadline Varies,deadline Varies,deadline Varies
,See Details,See Details,See Details,See Details,See Details
Description The Bonner Leader Program is available to students attending participating colleges. You must demonstrate high financial need and have an interest in community service and social justice issues to be eligible for this award. Bonner Leaders will be expected to serve an average of 10 hours of community service each week during the school year... View Scholarship Details,Description The Bonner Leader Program is available to students attending participating colleges. You must demonstrate high financial need and have an interest in community service and social justice issues to be eligible for this award. Bonner Leaders will be expected to serve an average of 10 hours of community service each week during the school year... View Scholarship Details,Description The Bonner Leader Program is available to students attending participating colleges. You must demonstrate high financial need and have an interest in community service and social justice issues to be eligible for this award. Bonner Leaders will be expected to serve an average of 10 hours of community service each week during the school year... View Scholarship Details,Description The Bonner Leader Program is available to students attending participating colleges. You must demonstrate high financial need and have an interest in community service and social justice issues to be eligible for this award. Bonner Leaders will be expected to serve an average of 10 hours of community service each week during the school year... View Scholarship Details,Description The Bonner Leader Program is available to students attending participating colleges. You must demonstrate high financial need and have an interest in community service and social justice issues to be eligible for this award. Bonner Leaders will be expected to serve an average of 10 hours of community service each week during the school year... View Scholarship Details,Description The Bonner Leader Program is available to students attending participating colleges. You must demonstrate high financial need and have an interest in community service and social justice issues to be eligible for this award. Bonner Leaders will be expected to serve an average of 10 hours of community service each week during the school year... View Scholarship Details
