0,1
"November 10, 2025",Deadline to renew and update scholarship*
"December 5, 2025","Scholarships posted, students are able to apply*"
"January 9, 2026",Review committee selection
"February 17, 2026",Student applications due
"February 27, 2026 to March 30, 2026",Review committees score applications
"April 6, 2026 to April 10, 2026","Students notified, invited to accept scholarships"
"April 17, 2026",Final award notification to donors and reviewers
"April 29, 2026",Scholarship Awards Ceremony
May 2026; September 2026; March 2027,Awards provided to students (depending on scholarship funding timeline set by the  donor/scholarship lead)
