0,1,2
Name of Scholarship,Eligibility (put deadline in your own calendar),Amount
Top Nutrition Coaching First-Gen Futures Scholarship,"High school seniors, undergraduate, or graduate students whose parents did not receive  a four year bachelor's degree may apply for this scholarship opportunity",$1000
Panda Scholars Program,All Students,Up to $4000
HeySunday Scholarship for Mom's in College,Open to all mothers who are currently attending a US college or university and are  current U.S. citizens or permanent legal residents.,$2500
Job Test Career Coach Future Leaders Scholarship,Any undergraduate or graduate student with leadership skills and that are current  U.S. citizens or permanent legal residents may apply for this scholarship opportunity.,$1000
Live It Up Best Greens Powder Women in Healthcare Scholarship,"Women pursuing a degree in the healthcare field (public health, medicine, healthcare  administration, nursing, etc.)",$1000
Live It Up Nursing Scholarship,"Any undergraduate, or graduate student who is a US citizen or permanent legal resident  pursuing Nursing may apply for this scholarship.",$1000
Live It Up Best Greens Powder Women in Healthcare Scholarship,"Women pursuing a degree in the healthcare field (public health, medicine, healthcare  administration, nursing, etc.)",$1000
Online ADHD Diagnosis Mental Health Scholarship for Women,"Any female high school senior, undergraduate, or graduate student who is a U.S. citizen  or permanent legal resident and is dedicated to her mental health may apply for this  scholarship.",$1000
Learner Tutoring Women in STEM Scholarship,Female undergraduate or graduate students who are U.S. citizens or permanent legal  residents pursuing STEM may apply for this scholarship.,$1000
David Sidoo Scholarship for Entrepreneurs,All Students,Up to $1000
CNCDA Foundation's Car Career Scholarship,Automotive Students,$5000
CNCDA Foundation's Car Career Scholarship,Automotive Students,$5000
Study.com Scholarship for Military Children,Military Dependent/Children,$500
Asian American/ Pacfic Islander Scholarship,Asian Americamn/Pacific Islander Students,$750
Asian Pacific Fund,Asian Americamn/Pacific Islander Students,Varies
Tona Law Veteran's Scholarship,Military Students,$2500
Silicon Valley Community Foundation,All Students,Varies
Hispanic Scholarship Fund,Hispanic Hertiage Students,Up to $5000
The American Hat Makers Scholarship,All Students,$750
The Florin Roebig Scholarship Essay,All Students,Up to $1500
Scholarship America,All Students,Varies
Scholarships for Teachers,Education/Teacher Track,Varies
The Elizabeth Greenshields,Art,Varies
G2 Crowd Entrepreneur,All Students,$5000
Native American Student Support Guide,Native American Students,Varies
TTR Data Recovery,High School Students,$1000
Same Day Loans 365,All Students,$500
GoTranscript,All Students,$1000
Price It Here,Business,$1000
Win-Win-Win,All Students,$1000
Lowenberg & Kumar,All Students,$1000
Photonify,All Students,$!000
FlatPyramid 3D,Art,$1000
CFF Foundation,All Students,$1500
Youth Forward - DmvEdu.org,All Students,$3000
American Muscle Automotive,All Students,$2000
MedEvac,All Students,$5000
Hedding Law Firm,All Students,$2500
The Youthist,All Students,$1000
Food Stamps Now,All Students,$1000
TastyPlacement,All Students,
